0.30524112266589865,0.06259239471603943,0.960770256677256,0.9747916093488438,0.12347046178467357,0.9230809322556666,1.253197399327665,High_Myopic
0.2965595671915348,0.20010733771467543,0.8594813912533368,0.9168717837435676,0.3693618637237274,0.7387182535430474,3.750407108404102,High_Myopic
0.38370310111226236,0.21978983411091824,0.8074010616930744,0.9050351487421725,0.3690904920872342,0.6519092434276568,4.950530074204174,High_Myopic
0.3185910648375986,0.0512055633486267,0.9674131233242966,0.9793510040145081,0.10074342023684048,0.935888608080956,1.0828966006431726,High_Myopic
0.4723079854555027,0.21487329693409388,0.8363531085588598,0.913905537967326,0.4282951612778226,0.6994897855527321,3.7488451262574456,High_Myopic
0.3136446488813448,0.06340675181350364,0.960452276524942,0.9745601139639779,0.12604165052080105,0.9224698585290438,1.2279639430578535,High_Myopic
0.31018916943690655,0.16652119241738486,0.8713721513802237,0.9291918622899746,0.29104577740405485,0.7592932605936593,3.576768009456826,High_Myopic
0.46414601520959775,0.15645174259098518,0.88194847106784,0.9370302279667059,0.3090127352129704,0.7778354286435318,3.0153400086752713,High_Myopic
0.24740858645883418,0.10908146816293633,0.9354534924990888,0.956262448462397,0.2171132936015872,0.875076642118284,1.8071923241936232,High_Myopic
0.6159816393842834,0.16383411673073345,0.8171197682170944,0.9293245570866142,0.27625027125054247,0.667689092057653,4.682199477519574,High_Myopic
0.33643814825718577,0.19316998399621801,0.8506842941215511,0.9183729738553228,0.3427496425305351,0.7236727059199753,3.982875233405234,High_Myopic
0.37189035824088423,0.25183251538378076,0.8186626379035665,0.8968382237545725,0.47937732984840975,0.6702139662530027,4.47035021812247,High_Myopic
0.3093670787150369,0.14006530356810715,0.9108825408123977,0.9436372130556762,0.27676395196540393,0.8297122856781818,2.4296846155795113,High_Myopic
0.21536024427261738,0.14898302843480687,0.9138893191102595,0.94026630748574,0.2965612454662409,0.8352008972179485,2.265868051494681,High_Myopic
0.4437206890966536,0.25835887609275215,0.8076107572328306,0.8959955912099323,0.5101091686558373,0.6522395481216238,4.346635199627986,High_Myopic
0.17304202602958185,0.057623302746605494,0.9676202591413748,0.9768487904163309,0.11422772064294129,0.936289159901456,1.0336993237085577,High_Myopic
0.33366768342974407,0.25439643848037696,0.7714435851272101,0.8886532265252031,0.4129108961342923,0.5951291666138913,5.626132270080074,High_Myopic
0.28082024804793615,0.11881754622884247,0.927872615218114,0.9524035098851447,0.23694037622450245,0.8609506659250853,1.97154134188689,High_Myopic
0.4653333175397706,0.3075104431458863,0.7529256763614303,0.8749358201841404,0.5944208607167215,0.5669132394197702,5.488492016077881,High_Myopic
0.25329117486415115,0.11736332847665695,0.9300765103019897,0.9528971737630977,0.233151708490917,0.865047260463112,1.939767439232956,High_Myopic
0.39189536520348334,0.30958720511191024,0.7672910989397751,0.8724160479570959,0.5816837102424205,0.5887421936074583,5.416078105961019,High_Myopic
0.2205634564697488,0.23642669550964102,0.8061885118500621,0.8955420336621924,0.37398050967976937,0.6499541404393832,4.949709972783813,High_Myopic
0.19149261618361907,0.18361712114049228,0.8944017255681557,0.926147135497396,0.3631740818169137,0.7999600548057785,2.705318022844912,High_Myopic
0.4923660983971822,0.38594435391995785,0.681006506671937,0.8454972288850828,0.7706384123705747,0.4637788705053359,5.9607798962495115,High_Myopic
0.22393656287966038,0.032737276412052825,0.9807214416397094,0.9868000767251535,0.06442442572385144,0.9618151349334397,0.6833235363935275,High_Myopic
0.41969777030153654,0.1846659162068324,0.868621773228232,0.9255992941673383,0.3639884389143778,0.7545129281082963,3.2914933502379844,High_Myopic
0.2634805781909412,0.03486683535867072,0.9791595008063272,0.9859884321331143,0.06908533348316696,0.9587536769754851,0.7254327381337252,Normal
0.07819882467935033,0.007905500186000372,0.9956959580227499,0.9968007451639903,0.015440452755905514,0.9914104479857041,0.18779553036975893,Normal
0.5609476400521275,0.23666621942618887,0.7847906429378105,0.9035005730167711,0.4550030467248435,0.6159010987373528,4.885131953644207,Normal
0.5143729310906239,0.29419070947516895,0.7539824770104547,0.8816521410386571,0.5816656672375845,0.5685040851843199,5.1345669039519635,Normal
0.32989488651289733,0.20381741544733092,0.8692665897739583,0.9183618695362391,0.40652318804637616,0.7556266775524385,3.1477496446636795,Normal
0.25893269849874334,0.039556321300142604,0.973234246359407,0.9834209246543493,0.0715471743443487,0.9471850366030728,0.9705390702922618,Normal
-0.00043575086217159567,0.0015432218364436728,0.9990432410530115,0.9993456565038129,0.0027158960567921137,0.9980874072800101,0.05131206702027299,Normal
0.18598760422272007,0.024197849176948356,0.9861712430545495,0.9902513887059025,0.04770098212071425,0.9725340655822535,0.5121251303164759,Normal
0.6067338000343816,0.2777342781248062,0.7218215613072271,0.8875801036758324,0.5422067055071611,0.5210433916075781,5.670699500225052,Normal
-0.0003317315659341623,0.0012659165943331887,0.9993053700873481,0.9994812817750635,0.002408317316634633,0.9986112233197489,0.03779863771706541,Normal
0.3178898150739893,0.2071763206026412,0.8671983063637293,0.9165643745349991,0.4087016689658379,0.7520397528594875,3.2916162075046396,Normal
0.34358149846837116,0.13322954770909542,0.9142273938338819,0.9466279198183396,0.2656564844379689,0.8358144419535077,2.273968997961662,Normal
0.38479662571239687,0.2833724144010788,0.7980859582641062,0.8849912109980471,0.5501465963869427,0.6369514244349684,4.6780186563417905,Normal
0.2534652117336924,0.09879429133858267,0.9413506373088049,0.9603896707793416,0.19666245582491165,0.8861420888380904,1.6761948692724338,Normal
0.25115842704675373,0.02708969480438961,0.9838041836766513,0.9890869367676236,0.05340753650257301,0.9678713897343509,0.5889179398859782,Normal
0.6180845894589546,0.26827986468472936,0.7127564850328447,0.8882905742373984,0.49258493048236096,0.508030867132445,6.208833540564707,Normal
0.5221295173717176,0.24926374852749705,0.7699428940116158,0.8952514201903403,0.4480966930683861,0.5928255692030421,5.4754853960637195,Normal
0.4505078328204046,0.3409368654674809,0.7369201184963537,0.8627343774218799,0.672964967023684,0.5430634606833351,5.4455566539587075,Normal
0.4314209054398143,0.12958461854423708,0.908010546361919,0.9480117577422654,0.2576252886880774,0.8244849048971601,2.4353794253011087,Normal
0.2760645405642472,0.08437393437286875,0.949041461121743,0.9661763167276335,0.16800677351354704,0.9006807726615578,1.498363642016709,Normal
0.2409869111085155,0.08932946381517763,0.9474188538612145,0.9641586123015997,0.17756290590706184,0.8976034788534935,1.5388039772203093,Normal
0.2336083288485235,0.1283631434450369,0.9248374328807728,0.948545140449656,0.2556302651667804,0.855326562646913,2.0354988214830954,Normal
0.4319799818228409,0.20522452763655527,0.8526014734781169,0.9178021488855477,0.4093686546748094,0.7269336220152017,3.457820525293431,Normal
0.4646349138323356,0.11056232659340319,0.9183476815562301,0.9555512028992807,0.2188859885532271,0.8433664581283138,2.2358879687077273,Normal
0.4476307885511829,0.12122925417725836,0.9126612700433459,0.95144810250558,0.24185655011935023,0.8329516475427743,2.311382818991293,Normal
0.32257182337056944,0.2332088648552297,0.851081275182935,0.9066145655728812,0.4653988448601898,0.7243465022967399,3.466563655579414,Normal
0.604088887055145,0.06959380715636432,0.9371080037058648,0.972093005514136,0.13849289807954618,0.8781719021789793,1.7802985621468346,Normal
0.22928704731383118,0.10652372085994172,0.9379986007718004,0.9573133263454027,0.21227558861367724,0.8798446696722888,1.740987733144442,Normal
0.44555150407236166,0.16780309341868682,0.8782747978057911,0.9327490951856904,0.3343095123690248,0.7713742510556778,3.0008171845032585,Normal
0.22472379881365884,0.11554825062775126,0.9166568821593097,0.9506322196238143,0.19961170000465,0.8402619679805594,2.5098163301851613,Normal
0.14345293671571052,0.13137172368094735,0.8869352765532208,0.940379372946246,0.1920240715481431,0.7866569419600217,3.121408262102119,Normal
0.2785042415141105,0.01899165517081034,0.9882115800845002,0.9923014494466489,0.03696442549135098,0.9765621757790993,0.4589463748503769,Normal
0.12587396432437567,0.035154917966085934,0.9807000586601707,0.9858438580158411,0.06936808795492591,0.961772899456416,0.6730412233945229,Normal
0.4921401698950264,0.2560907856190712,0.7957929866438249,0.896837921019592,0.5049239239103478,0.6332956065718297,4.544290548453232,Normal
0.5047747212644663,0.25104564662254325,0.797832036694911,0.8994783391910535,0.5010572716457933,0.6365449137031987,4.344882411682761,Normal
0.3598791473014217,0.2564684777807056,0.8131268969731021,0.8941405886718023,0.48021675340225684,0.6611824310286544,4.593267815592028,Normal
0.46837686994616934,0.29111722285944575,0.7535935250804394,0.8788838718302436,0.5355420554591109,0.5679089191706469,5.652420452984969,Normal
0.403320771442557,0.20848970604191208,0.8552319596537471,0.9164868017236034,0.415806253487507,0.7314242531659336,3.4131482761459377,Normal
0.5908480217385703,0.29538869233988474,0.716207105846512,0.8817241314170129,0.5895734682094365,0.512959136377696,5.449038326361051,Normal
0.2767644867373123,0.2704141462970426,0.8051876649218819,0.8861907680846611,0.4843925586288672,0.6483322218197246,4.890890256697951,Normal
0.3079010391801246,0.293391973502697,0.7897505532387856,0.8779785852540455,0.5401376935566371,0.623711845080716,5.0984734830031355,Normal
0.008667761332577673,0.001790737956475913,0.9986725603486504,0.9992003194943888,0.0027476226827453654,0.9973468853445637,0.068922731096399,Normal
0.2706669970400826,0.04251137799150598,0.9742417437304864,0.9828889224184699,0.08395749213373427,0.9491472555286034,0.8703063125963688,Normal
-0.00036731498554389615,0.0014201903403806807,0.9992282594226707,0.9994195722766445,0.0027168648087296174,0.9984571170950187,0.04135483899664827,Normal
-0.0004162506769929034,0.001543706212412425,0.9991047550171009,0.9993578143406288,0.0028403806807613613,0.9982103141372062,0.047987392756271646,Normal
0.24313714078399737,0.0595279901497303,0.9648005637493443,0.9760792017677786,0.11795995857616716,0.9308404381902177,1.1168696683420007,Normal
0.2440964177040652,0.09464234162843327,0.9441719764450339,0.9620211095890943,0.18806514566154137,0.8914633107408406,1.6178123959597774,Normal
0.3879460067754857,0.17466706417787836,0.880834140012701,0.9298259951988654,0.34626233705592413,0.7758737792366583,2.9929993350669886,Normal
0.4021859000574209,0.24349228776582554,0.8256119129953644,0.901359994516864,0.47455367176359353,0.6816388637897697,4.156692875495247,Normal
0.4425106089646879,0.25612977788455576,0.7296201731401879,0.8889291997333996,0.42607066464132926,0.5323511923500442,6.350826286649828,Normal
0.37344327106300174,0.17328744032488064,0.8843381087788239,0.9306078385594271,0.34580302754355513,0.7820601405034084,2.865653167373466,Normal
0.3169950672372485,0.04834144824539649,0.9696687931119298,0.9805738838040177,0.09578752751255504,0.9402588772908645,0.9930175076430238,Normal
0.3003317485295839,0.0907799276536053,0.9439512131913518,0.9635907783534318,0.1805873494559489,0.8910461222459725,1.6255027523244785,Normal
0.29491483641175703,0.047581825632401265,0.9706933028676596,0.9808607433621118,0.09409838741552483,0.9422462803613771,0.9692603443514738,Normal
0.3154981309124424,0.10725597623070246,0.9317924647774389,0.9567471271661293,0.21100712904550809,0.8682410788566662,1.9545474902991484,Normal
0.32499019648990424,0.2554569796639593,0.8286421409635314,0.8961095648753797,0.49383752673755354,0.6866537289475824,4.18506723498648,Normal
0.1822577452007566,0.09304329546159092,0.9475471146812068,0.9626807933303367,0.18506770607291215,0.897847989495122,1.5194669528374025,Normal
0.05638171452937198,0.00997354338458677,0.9947413044622199,0.995985879471759,0.019700055025110054,0.989510269612146,0.21967885149512345,Normal
0.2499312292004495,0.10709492122109245,0.936579711872392,0.9570678567138385,0.21324809446493892,0.8771848052110329,1.7814703135237808,Normal
0.4356384906710977,0.26170421872093746,0.8075003176648847,0.8948490006355012,0.5187153186806374,0.6520631877545608,4.312055788981312,Normal
0.48790120700841144,0.3534137849525699,0.6971232670467249,0.8545704505471511,0.6661872151869304,0.48598934055498544,6.488265090467621,Normal
0.13364844116867605,0.003598550165850332,0.997900845668136,0.9985281630719511,0.00687293171461343,0.9958061040316966,0.10209787812975027,Normal
0.05951158653854599,0.006732341589683179,0.9963433844719372,0.9972700086025171,0.013094135563271126,0.9927001486614881,0.16299153691103435,Normal
0.4614589370842619,0.30568749418748836,0.7650674241612209,0.8773760820959142,0.6078857860840722,0.5853390570590611,4.917158186007316,Normal
0.363501182159083,0.20719315266755534,0.8624032093443642,0.9170131367606487,0.41329028361181724,0.7437495536641343,3.275954258355838,Normal
0.24642257373193807,0.10932268739537479,0.9354409092966487,0.9561813881440263,0.21775000581251164,0.8750508105702808,1.80527897891552,Normal
0.19189885630049167,0.11231116602858206,0.9363080384261526,0.954978283003441,0.2236498262059024,0.8766748963150779,1.7739745145931876,Normal
0.287732530375034,0.1746564079065658,0.8315722166451226,0.9202870581522412,0.2508090289618079,0.6915174307564484,4.325057940172027,Normal
0.36859136220425454,0.17788198857647716,0.7670287273081371,0.9149224368761237,0.21651630022010043,0.5883398811264426,5.1794718757459135,Normal
0.20538558832092607,0.01764860170345341,0.9893179922788473,0.9927877265910783,0.033768876131502264,0.9787500973298078,0.42596840445572554,Normal
0.25801962825969627,0.10019074725649452,0.9403289927252443,0.9598341641995785,0.19948612553475106,0.8842241797862977,1.6973028192771487,Normal
0.3227050410363791,0.13066623008246017,0.9174254595486386,0.9476316194819889,0.26031357531465066,0.841671489706969,2.2088276602805763,Normal
0.5044710762768292,0.32638839105803213,0.7096620685358479,0.8651718541718333,0.6100488880665262,0.5036353959104142,6.313804435621046,Normal
0.4598348537298673,0.012201188464876927,0.9910727317355262,0.9950701182652364,0.02390831344162688,0.9822253673403194,0.3598852787497299,Normal
0.3043431937615495,0.06412265949531899,0.9603154715809975,0.9742613993040486,0.12734995001240001,0.9222073980403586,1.233681635047433,Normal
0.17294074810730722,0.03721242598735198,0.9789960180373719,0.9850285684946369,0.07356024087048174,0.9584333558050926,0.725010370786821,Normal
0.14340281728426924,0.044929988297476596,0.9751302655642136,0.9819261161959825,0.08884109174468349,0.9508792653519383,0.8308919227444613,Normal
0.2015810485191142,0.03666907724440449,0.9789961530362838,0.9852628974789199,0.07264343825562652,0.9584335283620607,0.7255028106669412,Normal
0.2586053943563883,0.10092409247318496,0.9397778564958665,0.9595284745256991,0.2008293000961002,0.8831841070422413,1.7140323536748272,Normal
0.2574986242646445,0.11820614266228532,0.9295197483445605,0.9526125786626574,0.23536264260028522,0.8640119552774259,1.9391473885232882,Normal
0.3493861939745724,0.18320782344689687,0.8754872367475155,0.9255204014314279,0.35445095499566,0.7664803205057121,3.2547687300892867,Normal
0.24040760680880335,0.09617623922747845,0.941102075011232,0.9610261892398786,0.18731932776365554,0.8856751336011928,1.7734898225588285,Normal
0.24499069661379413,0.18125942111259224,0.8779575607499983,0.924696986503348,0.3345263917090335,0.7708108393643892,3.32760750227492,Normal
0.21017718366890653,0.055729998178746354,0.9678092519741479,0.9775983985561721,0.11036397463419927,0.9366559911972032,1.0339733989452287,Normal
0.21463939284667632,0.07994225754076509,0.9533765894015971,0.9678177821199392,0.15783136644398288,0.9089298643437199,1.409439238672903,Normal
0.2828122055349507,0.025323175646351295,0.9844162691126489,0.9897811928436357,0.04975098231446463,0.969075441073338,0.5759189752495142,Normal
0.2148522703160365,0.10652081460412921,0.9380055721124811,0.9571971245504991,0.21109613312976624,0.879857413219198,1.7725403824222472,Normal
0.29983633673840254,0.18534622225494451,0.8740312845541585,0.9237616928358857,0.3496942618885238,0.7639316224765279,3.3578659211002497,Normal
0.35345192976654327,0.18170989076353153,0.8809832274293553,0.9271632351858454,0.3618916964396429,0.776135758909148,2.947848118737538,Normal
0.43615598896962876,0.17727772955545912,0.8726020031732569,0.9289468891437783,0.3531352687705376,0.7614397958676817,3.109477913780163,Normal
0.500279469488589,0.22489673104346208,0.8213795445626437,0.9098838611739725,0.448218998000496,0.6746703962206855,3.991172510125663,Normal
0.2598236574235113,0.11943863731477464,0.9285197075166499,0.9520948776272552,0.23758060016120033,0.8621545465919249,1.966538937081709,Normal
0.320443703589039,0.1758789728516957,0.8885690413083274,0.9295079539377828,0.350353376488003,0.7895618117168766,2.793187814029674,Normal
0.3410343789427264,0.16698340818556637,0.8922937127816348,0.9331001345596441,0.33290179470983944,0.7961931040727357,2.719774067256742,Normal
0.2195630139646225,0.1253970672003844,0.9275212434464635,0.9497562741219232,0.24994514442153884,0.8602967375071989,1.9701788503473094,Normal
0.5188419460240448,0.20850544826089654,0.8235931522916317,0.9145442845573192,0.3964755351385703,0.678306668445307,4.312112063386119,Normal
0.5406761192907567,0.1594899908549817,0.866517381950946,0.935759176987104,0.31453171500093,0.7508586209537582,3.303260690823806,Normal
0.29033528332075076,0.14485965690681382,0.9106689755495875,0.9418152570680142,0.28731051212102426,0.8293237690493849,2.378498586273322,Normal
0.33660169958816244,0.12990915044330087,0.9169144097970687,0.9479437271374542,0.25889217403434805,0.8407368082730013,2.2195944277238637,Normal
0.34649055221322966,0.07950038556327113,0.9488952849848562,0.9681226604640709,0.15822891802033603,0.9004050285296026,1.5113371944537066,Normal
0.5386996300643493,0.19559222712195423,0.8362766691970034,0.9216457932915866,0.3900112956475913,0.6993691320129359,3.7250854219889558,Normal
0.5066329294882016,0.2663871655868312,0.7711218650814484,0.8906101780953561,0.504424774474549,0.5946342364728601,5.237305828347934,Normal
0.36324884945614505,0.21335441499007998,0.7479384934499018,0.9021213608833467,0.3013400987739476,0.559422843778429,5.8149723917949245,Normal
0.4579553339413772,0.16741377623380246,0.8697795335028178,0.9314919094681939,0.3194017520847542,0.7565226779550143,3.43029097041,Normal
0.36096765506161504,0.13108775826926652,0.9134759843726385,0.9473070270359292,0.2595968199748899,0.8344407384507966,2.336063462611533,Normal
0.39179812559655314,0.14084309027993058,0.9034925401055132,0.9434604763740777,0.27966330542036083,0.8163006995830084,2.5558906462042077,Normal
0.49166769937659527,0.3305582626790254,0.7011853736440327,0.8614335009920021,0.597684585994172,0.491668143122386,6.693306826538002,Normal
0.263162137097798,0.16425879336133672,0.9000600096619603,0.9339089455522662,0.3246422156906814,0.8101120246637246,2.6236431863632594,Normal
0.2852983544019227,0.18487444006138012,0.8849867419580598,0.9255345088815178,0.3645917291834584,0.7832055618630339,2.941160667075212,Normal
0.1973250238534033,0.04851679234608469,0.9722521452988406,0.9805006703763408,0.09610745783991569,0.9452750174836373,0.9129361796698067,Normal
0.32425032687567984,0.06214519460288921,0.9604796761635311,0.9749597483569967,0.12246865118730238,0.9225223808139856,1.2536463962703972,Normal
0.24917698586383077,0.014050535913571827,0.9916289796934331,0.9943427308729618,0.02773052421104842,0.9833280416140138,0.33627097257036387,Normal
0.34989625051418544,0.0678838388926778,0.9561232291343869,0.972744575957902,0.13474879293508588,0.9141727158828983,1.3438620815348725,Normal
0.23958309913399206,0.15607514027528055,0.9079069125020508,0.9373908216566433,0.31035905821811643,0.8243083807085039,2.4021475386627134,Normal
0.3162649179968646,0.13946976331452665,0.9121673899975973,0.9440546482655466,0.2773650625426251,0.8320525811908156,2.3297651946843376,Normal
0.3722840840970978,0.21710203186031374,0.8430487118920773,0.9108168782743815,0.4107809739056978,0.7107400528084361,3.989758046866468,Normal
0.41024410877183415,0.2527261890461281,0.8203261697024327,0.8983890987313226,0.5002481215899932,0.6729389313083496,4.113026685284683,Normal
0.5608684698334984,0.18969652392429787,0.8327526507932952,0.9233200751557753,0.3713798951035402,0.6934803123891506,3.9272000594628227,Normal
0.4623027673479329,0.23483334076043152,0.823035055242082,0.905910730962087,0.4681073541834584,0.6773953613548647,3.9696446991139425,Normal
0.24601287863015497,0.07853151253177507,0.9534672968597533,0.9684654412277575,0.15584348746822496,0.9091014907259592,1.397400767754228,Normal
0.4062828151345935,0.14949658805567612,0.8955943578275272,0.939731956026412,0.2942990885981772,0.8020913019426406,2.7501928123057677,Normal
0.373861641154975,0.20700351947578896,0.8606645016186498,0.9169623983779218,0.4116451006339513,0.7407495192437105,3.342741012844857,Normal
0.33465502728847696,0.16577561670748342,0.8933357574609828,0.9334813384470521,0.32946708471541947,0.798052934193241,2.7211973915266965,Normal
0.23914837070212933,0.14381740091605183,0.913715625655126,0.9419404077089405,0.28230848258571517,0.8348795345624556,2.356604117027424,Normal
0.2480208611100161,0.07634419175088351,0.9547256575887824,0.969345007440015,0.15151522490544983,0.9115023057888301,1.3675761323577151,Normal
0.23114589444952763,0.1205484637531775,0.9274751205081944,0.9512077551498853,0.23536833401791804,0.8602134597808996,2.0744103322569623,Normal
0.2690618999183522,0.13921001670128338,0.9149448231457957,0.9439408078034907,0.2746681782426065,0.8371265066486655,2.3144355400955066,Normal
0.38813311789715654,0.0813238188976378,0.9454402381613067,0.967368583955918,0.1616287529450059,0.8938587826821668,1.6039418700189254,Normal
0.29759809723891983,0.11441081475912952,0.9293948675636421,0.9541214340241182,0.2276792287959576,0.8637815359595107,1.9515171695223432,Normal
0.4690111540562125,0.2780635326895654,0.7727278152952156,0.8855814352253705,0.5241955483910967,0.5971148429741175,5.2374519210388355,Normal
0.46837888866777916,0.28755003603757207,0.7349240577991609,0.8770556431737864,0.495856647963296,0.5401284665953042,6.173304176820705,Normal
0.5130876764588505,0.0925225912951826,0.9276369973394802,0.9629137781713064,0.18427332948415898,0.860514577747115,1.9993806403465484,Normal
0.4109247602899506,0.31917542741335486,0.7710196390704184,0.8722125131750265,0.6371776962303926,0.5944803778934945,4.76500983592602,Normal
0.5420880357067097,0.20202280248310497,0.8294649046792895,0.9189654746496992,0.40179156139562283,0.6880257572057986,3.867638216301424,Normal
0.2959747573601502,0.20058287382199766,0.8753650114983265,0.9196078419500591,0.3995756624325749,0.7662715325299567,3.039747340218666,Normal
0.13271478831744687,0.021754414602579205,0.9877071113987757,0.9911700803870358,0.04222729148583297,0.9755653592744659,0.47162250439089154,Normal
0.18444232385375517,0.041210828515407034,0.9766247206982093,0.9834338453833158,0.08160342492559985,0.9537964946381209,0.7907477533631501,Normal
0.3192785650029395,0.22254557009114018,0.8584532282345861,0.910879883478517,0.44407225533201067,0.7369488702843247,3.3348722132708732,Normal
0.38813018302577973,0.3009539300328601,0.7909936242629982,0.8795288910890322,0.6010124910874822,0.6256792521611115,4.453297254508339,Normal
0.255828681006247,0.07808334366668732,0.9533739863091303,0.9686369950864901,0.15487001286502572,0.9089242768404932,1.4027170039076864,Normal
0.24559560136859984,0.1398823305459111,0.91262291821044,0.943017345019065,0.26946743346611696,0.8328814219565935,2.46058316833177,Normal
0.4093582578171724,0.12578977501705002,0.9132528734809787,0.9496099804699609,0.2508384548019096,0.8340349065368554,2.299295514163577,Normal
0.3521601357558457,0.09295925623101246,0.939819394546469,0.9627298363971728,0.18505390135780272,0.883261781258007,1.7247460045017056,Normal
0.5164176525835849,0.11463532302064604,0.9088361581796985,0.9538988148288796,0.22680008641267282,0.8259842474158654,2.434738523423392,Normal
0.3257936841906799,0.07571656158937318,0.9518319222802977,0.9695080120628992,0.14937949016523033,0.9059852178536609,1.477643069284375,Normal
0.22171985552507578,0.07722539273203546,0.9551765892283032,0.9690033165222581,0.15338552161479324,0.9123639728927346,1.350352699666011,Normal
0.23222000597367354,0.059292462334924675,0.9654338527348099,0.9762212571300143,0.11796734530969064,0.9320626902453063,1.0897953511870562,Normal
0.34612543739835727,0.11152223866947734,0.9281008434429792,0.9553015676343853,0.22214910836071672,0.8613734689597423,1.9832445471208815,Normal
0.24478894254354855,0.1310387152024304,0.9227094578719119,0.9474949770212041,0.26118206142662287,0.8513949195110455,2.079346231583312,Normal
0.2926901884591218,0.04022706092287184,0.9753422355583323,0.9838057250333251,0.07941961587048174,0.9512929119014977,0.8437238524921291,Normal
0.23802607014761978,0.057011293710087424,0.9665121932288294,0.9771059456181413,0.11312721844193689,0.9341472577815804,1.0679079354362297,Normal
0.4627145985572597,0.1847196819393639,0.8623910500975751,0.9260225903264308,0.36854399490048984,0.7437250275575017,3.2771314616218667,Normal
0.5179433650230638,0.22806224909324818,0.8111850549015018,0.9078410176351603,0.44678367091109183,0.6580290230381907,4.317804698951127,Normal
0.5972663476120119,0.10888456933163866,0.9017218616579595,0.9563689869567239,0.2169972855570711,0.8131030339562636,2.5224215588267604,Normal
0.22526974925486154,0.12988977540455082,0.924442091694595,0.9479422013531529,0.25876066595883196,0.8545941438644402,2.0401212602575804,Normal
0.46091062841562247,0.15470048127596256,0.8857369313736894,0.9379963158363818,0.308166046019592,0.7845360978915442,2.8600628317312635,Normal
0.4713099089979411,0.18002147723045445,0.8639038218624875,0.9276084372481246,0.35621323586397174,0.7463331784675862,3.3292994647109286,Normal
0.3570290404299349,0.1858371372992746,0.8766177915445126,0.9251743026923555,0.3667658507192015,0.7684688217336881,3.107561317392174,Normal
0.45095048716362196,0.2204219447501395,0.8366885907972784,0.9115548977191704,0.4380806456925414,0.7000504052560466,3.7742097416863762,Normal
0.16965306370893826,0.030994854958459918,0.982456891899312,0.9875078832188915,0.06104796193967388,0.965221851553847,0.6265325069383114,Normal
0.23067769641637326,0.08342455747411495,0.9512659872759814,0.9665252127379256,0.16579947222394445,0.9049089372522233,1.4442287590907765,Normal
0.5282840635199703,0.35842017387159775,0.5677627075520943,0.8463160664602579,0.6136817078321657,0.3223770329605389,8.905454007307378,Pathologically Myopic
0.5709989984450843,0.2822440605818712,0.6115186766343983,0.8775113561945874,0.46857792543710086,0.37398230722572867,8.223151180960741,Pathologically Myopic
0.7098970656303674,0.24941995977741957,0.6288320816571469,0.8921906000062002,0.4184257587265175,0.39544402420123587,7.630301088987109,Pathologically Myopic
0.5177523980426767,0.3061500732376465,0.6299476764200671,0.8673051549228098,0.5099519886539773,0.3968549641773999,7.892505345185346,Pathologically Myopic
0.5944942525101892,0.309639880998512,0.6467794109691574,0.8685324546430343,0.5431638324214149,0.4183558264516844,7.574033151003359,Pathologically Myopic
0.44820621878339606,0.3520588642739786,0.6195605174124825,0.8495970113033977,0.6083232986778474,0.38390386720323477,8.181640277959634,Pathologically Myopic
0.49061710083803745,0.33264931373612744,0.6073799345694535,0.8570382976703453,0.5662788591202182,0.3689574357831435,8.304016648469055,Pathologically Myopic
0.46701082514420605,0.18896608496341993,0.8415034066620196,0.9212159459475169,0.3459559692556885,0.7081334802741985,4.184822149343904,Pathologically Myopic
0.6991045418247914,0.20570854032333064,0.7480150856930959,0.9156214761648274,0.39046600358825717,0.559535889861991,5.387033288089492,Pathologically Myopic
0.6482566816720963,0.0850345021002542,0.9154978559846981,0.9658488180257612,0.16869519285913573,0.8381366108057566,2.247212948755583,Pathologically Myopic
0.6465175277163464,0.2296966547058094,0.7549710215655372,0.9071300869164239,0.44948079739909486,0.5699964396874395,5.12227059148211,Pathologically Myopic
0.6183251144609719,0.21580995896366792,0.7612284358744177,0.9097307620396491,0.3921673741784984,0.5794844799955703,5.633118130975068,Pathologically Myopic
0.41423353240963345,0.20098417931210863,0.7597522481080422,0.9086127738661728,0.29203281453437907,0.5772436259458332,5.681418054539527,Pathologically Myopic
0.4536091422612006,0.34064284925444854,0.5924427045792313,0.8525702563123877,0.5695596586505673,0.35102374033934236,8.54508839590385,Pathologically Myopic
0.5984529676094272,0.31054045701841404,0.6314077244953862,0.869131494512989,0.5545576872403745,0.3987286543440542,7.787783765827067,Pathologically Myopic
0.5989998296632448,0.3074762946400893,0.6141646865550775,0.8669012095836692,0.5138698636772274,0.37724271620314476,8.186975971640035,Pathologically Myopic
0.5574682696001373,0.26342823388771774,0.5697043726083327,0.8826289093984439,0.40685849731074464,0.3245908179958529,8.49221149964228,Pathologically Myopic
0.5634622890352176,0.22773408437441878,0.7223772626455034,0.9022367634579019,0.3887721408255317,0.5218468757685386,6.463010408387456,Pathologically Myopic
0.7326619154531637,0.24478484503844009,0.6593902462822392,0.901263191979509,0.48134099002573005,0.43480296776087707,6.092614726374848,Pathologically Myopic
0.5843817102599866,0.2508545603028706,0.7233143913249783,0.8923093326655404,0.42822068847262695,0.5231981829387085,6.418187282797088,Pathologically Myopic
0.6265237877452542,0.1713814208878418,0.6420598271685334,0.9188928909107819,0.21721743443486888,0.4122624099981327,6.88669440964233,Pathologically Myopic
0.5584766970901361,0.23093338764802535,0.5633837334152396,0.8907843475843202,0.2934438017313535,0.31742099992980954,8.044593192343674,Pathologically Myopic
0.5632690528113521,0.4390633234391469,0.5420513004798737,0.8176181828926158,0.810561769561039,0.2938396152865038,8.62208948551886,Pathologically Myopic
0.48700741673254483,0.303725771514043,0.6894968711147387,0.8714870148490297,0.5372247775745551,0.4754291887717251,7.018927405167269,Pathologically Myopic
0.5428207324288827,0.2969675158100316,0.7394523941833621,0.880684926994854,0.5886543648087296,0.5467981067506009,5.291553406951686,Pathologically Myopic
0.5633481249315992,0.30538839202678403,0.629345934451878,0.8705129105570711,0.5374594577314155,0.39610294335327356,7.91784396063041,Pathologically Myopic
0.6131391569230709,0.22717220825066653,0.7711900418624125,0.906810580418036,0.4311390536843574,0.5947457337207681,5.186537880439227,Pathologically Myopic
0.5385936059678096,0.24031114859104719,0.7734349944283214,0.899134020533666,0.4332070968829438,0.5982062932398989,5.43384341026495,Pathologically Myopic
0.544188702012948,0.35195690313255623,0.6648455292831348,0.8558617847704445,0.670359266499783,0.4420501395819242,6.8992372595012865,Pathologically Myopic
0.5356462815645857,0.25269325148025296,0.7683233958321687,0.8960275479144708,0.476434988026226,0.5903396792929269,5.38302902335894,Pathologically Myopic
0.6339523788152785,0.25389159762694524,0.7325515041736362,0.8970921820749892,0.4942714065115631,0.5366506083322139,5.554396264051582,Pathologically Myopic
0.56747865073507,0.24785760509021015,0.7724097477362957,0.8993869253363506,0.48101488390476776,0.5966345712872589,5.039445978958318,Pathologically Myopic
0.5150001271738761,0.2747476159014818,0.5549658315167078,0.8772419220619692,0.42090491602858204,0.30802874816361725,8.613236079775387,Pathologically Myopic
0.5057891652737642,0.3003788546639593,0.5973096734833343,0.8654065585474919,0.4563387134586769,0.35679411210358764,8.380087656260987,Pathologically Myopic
0.6635276283923317,0.23414879642259284,0.7174728182977899,0.9021805152985306,0.42669793152086305,0.5147908437113893,6.1769633132597495,Pathologically Myopic
0.5555910522554683,0.35087904550809096,0.6466106685872385,0.853699808962118,0.6422723626697253,0.41813006239370226,7.470733195112995,Pathologically Myopic
0.6470830062551173,0.3094839119365739,0.6407384964474365,0.8721933197772646,0.5788366693920888,0.41057661431742054,7.104896668541987,Pathologically Myopic
0.6635679845972094,0.1807164356516213,0.7962195403744585,0.9250626177033604,0.3349247909433319,0.6339728665746707,4.8140162902352905,Pathologically Myopic
0.5171818305566982,0.32757111607973216,0.6325165511867694,0.8622451455840412,0.5878781523188046,0.4001112851553217,7.880467985545294,Pathologically Myopic
0.3758235303486261,0.34312127999256,0.662325385411152,0.8522480373085747,0.5812080530411061,0.438697657473882,7.614871319774559,Pathologically Myopic
0.5385145676656375,0.3229728139143778,0.6039584096622821,0.8604380478292206,0.5422173617784736,0.3648230153545261,8.378095016507741,Pathologically Myopic
0.6024125854628168,0.3040796081592163,0.6288695287489032,0.8709678606857214,0.5341562558125117,0.3955191310210923,7.917664430934755,Pathologically Myopic
0.6661694447143142,0.2678369028613058,0.6900186166098642,0.8907560721371444,0.5145821385392771,0.47614491961405214,6.185004817587602,Pathologically Myopic
0.4588629293164924,0.2644681890926282,0.709740380725335,0.8847334987638725,0.4341441221944944,0.5037453142307663,6.7680674837294115,Pathologically Myopic
0.5516263880777589,0.2535582258664517,0.7507317719345874,0.8937283726129952,0.45863308132866265,0.5636127686194765,5.806924260654075,Pathologically Myopic
0.6753718620094271,0.22089917617335236,0.7493929223555527,0.9112821819393639,0.43821687643375284,0.5615944826238538,4.9973967844174085,Pathologically Myopic
0.5857454808586833,0.4196716948121396,0.5645215052934884,0.8290232631246512,0.8082628001193503,0.3186933431281339,7.806402378584185,Pathologically Myopic
0.6547268496087941,0.256834666013082,0.68401161231462,0.8932993002704755,0.47400099878324753,0.46789507083975856,6.693277256434986,Pathologically Myopic
0.6469096886344945,0.2735421252092504,0.6743551382667365,0.8862907069564139,0.5041598208196416,0.4547720958446384,6.844266429968268,Pathologically Myopic
0.6491968915702683,0.33980621086242174,0.608436346859302,0.8623512965775931,0.662350230950462,0.37020942463768647,7.02823004855244,Pathologically Myopic
0.5500117540222835,0.3381509770832042,0.6946142716969392,0.8643984510625271,0.6728903731244963,0.48250220707918323,5.817857514950381,Pathologically Myopic
0.44761317126516853,0.37286039025203055,0.7047749974370415,0.8481616842139935,0.7187791836521173,0.4967186483684848,6.191583645415788,Pathologically Myopic
0.5378731213414519,0.3360363126976254,0.6166235695318619,0.8552156877751256,0.5683747539370079,0.38024238123959314,8.218656415262545,Pathologically Myopic
0.4180679147999154,0.36143214473928953,0.582245120591232,0.8416404215620932,0.5849970840566681,0.33903803076006594,8.739708832619787,Pathologically Myopic
0.5599200877818228,0.25306670535216075,0.647485296552336,0.8881132078670408,0.3995323107833716,0.4192737355308442,7.548184596501802,Pathologically Myopic
0.6271964082331308,0.25728077628030255,0.5892058521291819,0.8869717516778783,0.4134021744605989,0.3471857398245335,8.362116591666453,Pathologically Myopic
0.6163254197634468,0.26964156662688327,0.6306005528365797,0.8832411364041478,0.45026076380277763,0.3976820049656161,7.888849891816377,Pathologically Myopic
0.6683767619732968,0.27023795453840904,0.6424503962055126,0.8858423927785355,0.47985165501581,0.4127632150213696,7.436940132012994,Pathologically Myopic
0.6826354984773244,0.22861698067146133,0.73201918642161,0.9076391660595822,0.4480935446245893,0.5358694925027092,5.380921245870073,Pathologically Myopic
0.4012557773408014,0.19164468407061816,0.7921793250159409,0.9136066658852068,0.28593476327577655,0.6275539421247495,5.136146611641468,Pathologically Myopic
0.6807324148936634,0.06793857337714676,0.9276211174931761,0.9726362452724906,0.13399389298778597,0.8604813373397419,1.996301715447075,Pathologically Myopic
0.5635786988658877,0.23019556195362392,0.7958865520951928,0.9076777950430901,0.45795132215264434,0.6334409944705599,4.4012060396193045,Pathologically Myopic
0.43011588077517166,0.3240421949593899,0.606114227236144,0.8572916263020025,0.5171694327763655,0.36738848840908134,8.314967618907353,Pathologically Myopic
0.6406882315071637,0.3412718114498729,0.6098246916257418,0.8601142909317069,0.6487737780163061,0.37190183267427374,7.35417558163208,Pathologically Myopic
0.6409092838417225,0.22999636233647466,0.6897130773293139,0.9038305057078864,0.41828323109771215,0.47572732822958397,6.786196091142176,Pathologically Myopic
0.698907486724929,0.18839549007223014,0.6572234370817747,0.919868363564852,0.3290565760819021,0.43196385663904313,7.155234669550148,Pathologically Myopic
0.2705416639243299,0.2096778802932606,0.8127066066317566,0.9061915842581685,0.3199831243412487,0.6604946941311708,4.78581382249771,Pathologically Myopic
0.7145688982166369,0.23379253789757581,0.5896579046373053,0.9008803291044082,0.4115585184295369,0.3477382699519865,8.090312941316705,Pathologically Myopic
0.5240951888534817,0.23856678963357927,0.8022554527123239,0.9041564301878604,0.47296503968007936,0.6436186264747118,4.357576257730299,Pathologically Myopic
-0.0013273628390123157,0.004755118885237771,0.997129514808692,0.9979991397482796,0.008522110794221589,0.9942672715752661,0.13567093330919353,Pathologically Myopic
0.3768503103936611,0.2207584649544299,0.7541160083272187,0.8997136611460722,0.3216874011873024,0.5687085205645023,5.834577071401248,Pathologically Myopic
0.4536091422612006,0.34064284925444854,0.5924427045792313,0.8525702563123877,0.5695596586505673,0.35102374033934236,8.54508839590385,Pathologically Myopic
0.41234682768669123,0.15119820083390167,0.8948747589607301,0.9394064795942092,0.3012540009455019,0.8008024510902279,2.6794519553473095,Pathologically Myopic
0.6101121381560117,0.3219792377084754,0.6411054892705722,0.8649460502046005,0.5813359282968567,0.4110261760497722,7.459497179530064,Pathologically Myopic
0.3431981248878343,0.32782056970363943,0.7721827557094233,0.8665526284177568,0.6324497023994049,0.5962745035990922,5.156916353017183,Pathologically Myopic
0.3682704888895925,0.08313029907309814,0.9452324182475712,0.9666336402985307,0.16511819742389486,0.8934646185586103,1.6084869159346613,Pathologically Myopic
0.650554540900621,0.32800874976749955,0.6212657017758403,0.8654148292671586,0.6222007912765826,0.3859882294823672,7.143457185356298,Pathologically Myopic
0.47334884617304285,0.21419613932977866,0.8369421858801235,0.914182601021452,0.4270028461931924,0.7004746492733841,3.733204019514262,Pathologically Myopic
0.5643900113081584,0.3617128406131812,0.5624070486386538,0.8482421027342055,0.6526980710211421,0.31635543343388584,8.7733423050969,Pathologically Myopic
0.5943837639062675,0.22844430063860127,0.7749185276989958,0.9065221950756401,0.4358877545880092,0.6005243255386145,5.182652703011799,Pathologically Myopic
0.4800584980846993,0.21309454728284458,0.8190472545649348,0.9122526413021577,0.4010936967186435,0.6708515122281407,4.577935143709339,Pathologically Myopic
0.6029696932244896,0.23135636896273792,0.7771106062434888,0.9068891583095666,0.4570297968720938,0.6039115912932911,4.748632563655743,Pathologically Myopic
0.43381434984680467,0.31983345216690434,0.5417972634096848,0.8554725765701532,0.47372647870295737,0.29357537134384515,8.919243153853852,Pathologically Myopic
0.547461522854636,0.32150745551491106,0.5983981199434631,0.8596026082677165,0.5250708157666315,0.35810672890448664,8.473908663846393,Pathologically Myopic
0.5141566413726671,0.3630695777016554,0.6169132209131439,0.843628348975448,0.6147009559644119,0.3806361066941052,8.25217663290703,Pathologically Myopic
0.5657834022716022,0.34592339497179,0.654729298807941,0.8558037202011904,0.6335775718426437,0.4286861355718908,7.176503077732969,Pathologically Myopic
0.6336186990185597,0.2997825878464257,0.6792324687730973,0.8790078115312481,0.5887736423910348,0.4613770029614253,6.099879969054597,Pathologically Myopic
0.5436833845712468,0.40360312751875504,0.6130399858849847,0.8357078089156178,0.7786968542687086,0.375850693196773,7.4411921985178395,Pathologically Myopic
0.6229169139433265,0.3709593356686714,0.5879856840260071,0.8480615758106517,0.7063717721185443,0.34576140233212677,7.651276174406066,Pathologically Myopic
0.27617603546059655,0.25149296782968567,0.8434679997420904,0.8986817829104409,0.4957756360825222,0.7114449720596676,3.7370106517269295,Pathologically Myopic
0.646840538275477,0.3284161099572199,0.5610314890757738,0.8583482198214397,0.553978857957716,0.31480854835507743,8.84664640107415,Pathologically Myopic
0.5413423562431422,0.3703055492048484,0.5085340713478599,0.8376888460808172,0.5987217560372621,0.25863276628687365,9.757157634368433,Pathologically Myopic
0.606696640258271,0.29061092887810774,0.5806771478085485,0.8722187495156242,0.46585306842488683,0.3372188270160653,8.64608290981316,Pathologically Myopic
0.4110662183627036,0.3269232632215265,0.7019086038073599,0.8572431887051275,0.5339714663804328,0.4926868867025099,6.852335233683136,Pathologically Myopic
0.5526483192584253,0.20946778221681445,0.6339868446803704,0.9013470132409016,0.2702768257099014,0.40196079099145693,7.1930291542706755,Pathologically Myopic
0.3095011687621687,0.2696398713109926,0.7906175437678831,0.8865563992846736,0.48340322071269143,0.625079558648227,5.213633052389086,Pathologically Myopic
0.46420981267914857,0.214198924491599,0.8023176490839764,0.90887152750868,0.3739088220363941,0.6437240970615178,5.013992164930111,Pathologically Myopic
0.5878098060492047,0.33610909018693036,0.6706364398629421,0.8646282632409016,0.6629371735305971,0.44976427554147214,6.245660596407377,Pathologically Myopic
0.5584468504110445,0.3674564497566495,0.6341032820727593,0.848540877941131,0.6901474779512059,0.40212128026178745,7.424453620987042,Pathologically Myopic
0.6623949158921674,0.2900543808900118,0.6669122110617236,0.8828648731516213,0.5689750168562838,0.444795955821565,6.231845258213349,Pathologically Myopic
0.5188910454632819,0.39935079088908176,0.5964802652473318,0.831035421445843,0.7064589597929196,0.3558126923821039,8.34767669728801,Pathologically Myopic
0.501661280709662,0.28703466000682,0.5979131870591141,0.8756304153233306,0.4785121132742265,0.357523954336918,8.22661505295653,Pathologically Myopic
0.4988149767492546,0.3448686662998326,0.6585174793279416,0.855180570517391,0.6210177029729059,0.43368135712533734,7.50472289086216,Pathologically Myopic
0.7528867590438868,0.14790795597216194,0.7953674448280954,0.940538768968163,0.29283542551460107,0.6326123880923527,4.243188079102533,Pathologically Myopic
0.3877176833133058,0.172389043996838,0.8165163959925053,0.9216986266003782,0.25132052998480997,0.66670039049706,4.683482004531303,Pathologically Myopic
0.25660552136962095,0.30692628572757147,0.7663656969770112,0.8688325376650754,0.529883091016182,0.5873229475975282,5.66597696437758,Pathologically Myopic
0.5174764607975811,0.2889468552374605,0.6688154513655081,0.875648591531558,0.4901670467403435,0.4473437449678732,7.3781061907502865,Pathologically Myopic
0.4436365024153174,0.3080698973897948,0.6988143764400887,0.870310610933722,0.5515254936759874,0.4883830643437447,6.86923121373242,Pathologically Myopic
0.4524510727815888,0.3236302331979664,0.6183522460544377,0.8539388000651001,0.48116939983879975,0.38238900885984406,8.22513313658204,Pathologically Myopic
0.5267153454125364,0.1966307291989584,0.7084906193819618,0.9077006818076137,0.25679119326988653,0.501970614934689,6.35881971087997,Pathologically Myopic
0.33844424766399034,0.23247818370636741,0.8244518613151645,0.902505967511935,0.41992877735755474,0.6797374037819754,4.5401567140288,Pathologically Myopic
0.35465901519049514,0.25291812302374606,0.7966203929716462,0.8930576087714676,0.4480848258571517,0.6346222820030725,5.120845999157123,Pathologically Myopic
0.5225528734754813,0.24947566301382607,0.6910699861957805,0.8924766240157481,0.4216202182404365,0.47758910282288436,6.972781823475255,Pathologically Myopic
0.6109611486034376,0.2723414782767066,0.7167150353382088,0.8872945640422532,0.5069945100827702,0.513690078655187,6.152155502495574,Pathologically Myopic
0.6241108833890424,0.36673049127348256,0.5937618118096799,0.851077736530473,0.7111603129456259,0.35259309376392334,7.372877626901867,Pathologically Myopic
0.49762658014760147,0.3807517224409449,0.6788632150857217,0.8464361311535122,0.7488716461807924,0.4608877135162158,6.296418086025664,Pathologically Myopic
0.4196792349000892,0.3687556671988344,0.7081609513070904,0.8491247326244652,0.7037813294376589,0.5015374579860788,6.3616190967806086,Pathologically Myopic
0.6742082721812219,0.24606541400582801,0.7166063784427285,0.9005762378712258,0.4821548627472255,0.5135457361656953,5.590225274230634,Pathologically Myopic
0.6605272275224234,0.18929618718612437,0.7954774669510691,0.9231960991265732,0.3677381143824788,0.6327889927290665,4.522910167885544,Pathologically Myopic
0.4893625748599235,0.28596491567983134,0.7475225561384159,0.8819852100641702,0.5356415947206894,0.5588087996641201,5.83739763501938,Pathologically Myopic
0.6583071052569885,0.332390656968814,0.5396898989560167,0.8585533046066092,0.5798769878789758,0.29130696763100816,8.945136479774424,Pathologically Myopic
0.7087233052476652,0.21939325128650256,0.7250290061355237,0.9121655141747782,0.43801464946679897,0.5256761366141937,5.1762835768780215,Pathologically Myopic
0.5766285970597975,0.32437035967821937,0.519286320312787,0.8580163738452478,0.526385896521793,0.26968412122076535,9.434172575419588,Pathologically Myopic
0.3854496613685239,0.2951831958351417,0.7540967170411981,0.8741248416090582,0.5123475911014322,0.5686706809614236,5.934867899632349,Pathologically Myopic
0.6693668669144579,0.1695852337017174,0.771703529181931,0.9289089019584289,0.30660042179459357,0.5955416269461501,5.436506703313215,Pathologically Myopic
0.3661713346625738,0.4675985172282845,0.5718669840826515,0.8002283711598673,0.80787481496838,0.32706402277441415,9.028569735963906,Pathologically Myopic
0.3407457970733585,0.40828510563271125,0.6625658353207797,0.8277978282519065,0.7276889163153326,0.43901502499661366,7.535106097619635,Pathologically Myopic
0.4652471344841877,0.3138942762260524,0.6067115237695718,0.8616410803134106,0.49977646049042096,0.3681189756686141,8.260133605285677,Pathologically Myopic
0.570573818654791,0.30479878537882077,0.6437872670898396,0.8719821318548887,0.5486140308218117,0.4144978740951016,7.6112928217789015,Pathologically Myopic
0.5329776848653537,0.3457989103478207,0.6869862941814477,0.8596171637655776,0.6709650997426995,0.4719873330969087,6.392491008275332,Pathologically Myopic
0.6330282684050561,0.2254296657030814,0.7698594478922289,0.9096753252100254,0.44933124631874266,0.59268932672109,4.702369889430997,Pathologically Myopic
0.5519892710033534,0.3436118317549135,0.6367345159250564,0.8546867371078493,0.6085383616079733,0.4054649354656458,7.757829756787223,Pathologically Myopic
0.5632886625918769,0.34398819188263374,0.6782754609863095,0.8613347730601711,0.6772768818975138,0.46007133213242873,6.190735041930624,Pathologically Myopic
0.605835754871415,0.329624627999256,0.6495071536867723,0.8639070395328291,0.6168181633238267,0.42188021270527554,7.058189575073676,Pathologically Myopic
0.578663554309055,0.35974760621396246,0.5278825349543089,0.8412302398823548,0.5707880361073222,0.2786690712659686,9.44400176861971,Pathologically Myopic
0.2513155232493137,0.07641866455607912,0.9547137835514476,0.9693476351796455,0.15198833913292825,0.9114788514490078,1.3625166472863137,Pathologically Myopic
0.35261876014457644,0.059944190200880404,0.9612663329933938,0.9759451386090272,0.11911652729555458,0.9240331772457578,1.2125284741463545,Pathologically Myopic
0.5411868181693188,0.3366721772506045,0.6633203505422541,0.8571701569184389,0.5917346326880154,0.4400306107635051,7.359261943816086,Pathologically Myopic
0.46720227815089926,0.2945007100951702,0.757599697449461,0.8791866431389113,0.5588706919601338,0.5739907990111907,5.57021471279201,Pathologically Myopic
0.5576585357778594,0.3481537041199082,0.6041182697916536,0.850898081483663,0.5979030395560792,0.36501278931669756,8.337736316121717,Pathologically Myopic
0.4884879340088827,0.20938713361801725,0.8373632972965281,0.9161633233422717,0.4179560351308203,0.7011807407332205,3.7069796825208243,Pathologically Myopic
0.543443037270684,0.35904840950306904,0.6405219653745196,0.8485474170167091,0.6397646271855044,0.4102933336893704,7.623798651891221,Pathologically Myopic
0.44986511431444437,0.33830948911897823,0.6979881593774924,0.8577082622915246,0.6069395576291152,0.4872155480627144,6.8601276218795935,Pathologically Myopic
0.41066656186928296,0.3672457462102424,0.6314357304591497,0.8414621348773947,0.618095826035402,0.39876007597833374,8.093102602941347,Pathologically Myopic
0.5325280765814191,0.3350146426855354,0.5743815002885891,0.8561630181854114,0.5717180379673259,0.3299407986412049,8.727236681745238,Pathologically Myopic
0.5256112749265558,0.16780987468224937,0.782208894780111,0.9237216591620683,0.24407583971417943,0.6118700468321928,5.358109831459179,Pathologically Myopic
0.48124269020552335,0.2103774402861306,0.7606450143751374,0.9072153007587265,0.3344176493040486,0.5785969432570813,5.841764608981577,Pathologically Myopic
0.593696620638877,0.19919259369768738,0.684114255141298,0.911322917958336,0.30838474176948355,0.4680428986705881,6.895892471654704,Pathologically Myopic
0.5160492886953746,0.2675187889438279,0.6378571644889455,0.8776996573524396,0.38210930718736436,0.4069045614099557,7.6822642167579405,Pathologically Myopic
0.5044770310754196,0.3185704418283837,0.5591780688456538,0.8587888082026164,0.499310732996466,0.312707827763637,8.847160932753036,Pathologically Myopic
0.36970753874257345,0.38131795794841594,0.6417379656778985,0.8338695294578089,0.6266030422685847,0.4118470602015857,7.892221633498973,Pathologically Myopic
0.5367379494860446,0.3387425212350425,0.6955156331088126,0.8621187476749954,0.6536426041602084,0.4837508275801772,6.225103638162587,Pathologically Myopic
0.47633182844162947,0.3134860683783868,0.7513372455051173,0.8739091974277698,0.6200083845480191,0.5645205807890429,5.202344266706962,Pathologically Myopic
0.5480717188032158,0.35219969658689315,0.645464205032283,0.8548675667663835,0.6618738471851944,0.4166479179859468,7.260918429478029,Pathologically Myopic
0.7008206524958694,0.2648899594674189,0.6614860383731507,0.8914748134183769,0.504087890988282,0.43758158193553764,6.509714787891057,Pathologically Myopic
0.7110508547203175,0.17322616676483354,0.7831572349202511,0.9281927399792299,0.3212844003813008,0.6133414968310246,4.879164786551676,Pathologically Myopic
0.683299497180758,0.24727405314185627,0.6600827694568432,0.8955599797918345,0.43924411676948355,0.4357512466111486,7.179655886043748,Pathologically Myopic
0.575221763152399,0.3053043527962056,0.615504121309293,0.8671678585544671,0.5035047023219046,0.37887911992464557,8.163832315637794,Pathologically Myopic
0.5647101034323148,0.2084290379518259,0.8165883282568072,0.9165126310721373,0.4157005384323269,0.6668185667506595,4.036279932277695,Pathologically Myopic
0.6204516747617486,0.22091007463264928,0.7764239336356624,0.910144237475975,0.42690282255564516,0.60285840976655,4.957318078371263,Pathologically Myopic
0.4844669189719736,0.1424977185891872,0.8684830744390056,0.9392287015042781,0.24727332657790316,0.7542715463439711,3.7067885636892344,Pathologically Myopic
0.40944696628987837,0.2667832640352781,0.7000918015231336,0.8817098786541324,0.41779837075299153,0.49014228726298376,6.8406771972222495,Pathologically Myopic
0.4765938103211501,0.2531193812387625,0.6613116239637757,0.8872016001844504,0.3907322892770786,0.43735150915288695,7.311526764543281,Pathologically Myopic
0.5306768676956716,0.3996064203065906,0.610195211909092,0.8327404854028457,0.7250433758680017,0.37237843486496947,7.980221065591459,Pathologically Myopic
0.49756771871201266,0.34420204387283776,0.5872524062198561,0.8502733212497675,0.5679454757347016,0.34490303158308633,8.651607707032849,Pathologically Myopic
0.43513199800054014,0.24888218135811274,0.6661577277889759,0.8862068009292269,0.3553610974409449,0.443798681168203,7.152441800026736,Pathologically Myopic
0.3930454821082615,0.3397802967480935,0.5857785849673371,0.8475592052746606,0.5142738332351665,0.3431642021512908,8.509664425398775,Pathologically Myopic
0.5578618211100111,0.3428467599122698,0.5633466633910972,0.8525477086110422,0.5825576455840412,0.31740050879008713,8.877261620949522,Pathologically Myopic
0.3538093706573149,0.3154477910518321,0.7235948115634521,0.8619087828019407,0.5117745743303986,0.5235981555944991,6.465870923121606,Pathologically Myopic
0.5374033261593343,0.25470268518662037,0.5547624825868708,0.8846458751511252,0.37467486263097527,0.3077774021688784,8.514330432234198,Pathologically Myopic
0.13088350429398843,0.10953169562589125,0.9287423144469381,0.95398871500868,0.19707732384214768,0.8625625399223464,2.1659411308048577,Pathologically Myopic
0.5684221141744801,0.27149176173352346,0.5651425155984761,0.8790274650861802,0.41922522126294254,0.3194317951707505,8.662490311372032,Pathologically Myopic
0.5744846713689007,0.28090609306218617,0.584298000634565,0.8766272852858206,0.45170941123132247,0.3414447282920521,8.544011445421795,Pathologically Myopic
0.4727638376650075,0.3193769278163556,0.690049794992361,0.863608058466117,0.5523421515593031,0.47619092375328653,7.034921193082298,Pathologically Myopic
0.5007153633008254,0.3660981384462769,0.5702029826466797,0.8390824562899126,0.5874133935767871,0.3251647328433963,8.92250661823506,Pathologically Myopic
0.5713611121206597,0.2914015515531031,0.557043292405019,0.8704309541431584,0.4527188507502015,0.31033061123937955,8.893251508003805,Pathologically Myopic
0.547187547555237,0.1742736297972596,0.7133098204704436,0.9197991583483167,0.24363336226672455,0.5088242026086744,6.196953447425241,Pathologically Myopic
0.5361843553389065,0.26477237720100444,0.5596634491608709,0.8753164064921881,0.3417983281279062,0.3132404502299193,8.349951428817986,Pathologically Myopic
0.3676290936966754,0.36585546608593217,0.6575314108134729,0.8395204290408581,0.5903370869241739,0.4323595572760073,7.601855281525201,Pathologically Myopic
0.5256250490998485,0.2572735106407713,0.7234864808248339,0.8911592545841343,0.4552336096859694,0.5234625509210145,6.401149003848786,Pathologically Myopic
0.5423447264872576,0.2467839857554715,0.7597478023777174,0.8977409431381362,0.45811334591419184,0.5772367942004759,5.631714083508013,Pathologically Myopic
0.5772568070668012,0.2523745320928142,0.767751371941279,0.8985979616490483,0.500226809047368,0.5894553275709302,4.86461637767592,Pathologically Myopic
0.6916022447391124,0.20353768832537666,0.760607321200083,0.9182298770847542,0.40352490079980163,0.5785382119252476,4.82194905802562,Pathologically Myopic
0.5530881670572532,0.15089231740963482,0.8148561054304689,0.9317340369055738,0.22269427351354704,0.663995020200173,4.759128010558812,Pathologically Myopic
0.4565751032372307,0.16851815344255688,0.8074325371995256,0.923292441506758,0.24403333572292146,0.6519570431610457,4.867004083945441,Pathologically Myopic
0.6071565972830006,0.26916857349339696,0.5870453508781874,0.8793051699384649,0.40806314034503066,0.34463971912120595,8.490545694633552,Pathologically Myopic
0.4719265181917439,0.2769776828616157,0.5898473446329485,0.8743062404093559,0.4049285012632525,0.3479426817515604,8.206924183801323,Pathologically Myopic
0.6564083753263529,0.30120108287091574,0.6139591305558745,0.8748606087055925,0.5558125842814186,0.37697056376932864,7.6706111054634665,Pathologically Myopic
0.4651076485658423,0.30831220646816293,0.72041155979056,0.870494080441286,0.5548140432218365,0.519011510065456,6.49137611258757,Pathologically Myopic
0.5438966708497636,0.21458824167648333,0.7801585970813293,0.9080284105880712,0.36781355593961185,0.6086569764520197,5.4293459524603875,Pathologically Myopic
0.5395873065374428,0.22820465562806128,0.7392130876859535,0.9022215056148862,0.3914429899172298,0.5464569043374456,6.187524560399907,Pathologically Myopic
0.5027477106986404,0.20876531596813194,0.7875650307410536,0.9120521701980904,0.3731135977896956,0.6202765731991262,5.336578887684319,Pathologically Myopic
0.764618828066281,0.20707799228098456,0.6844941033573346,0.9165110447408394,0.4075784010943022,0.46854551645489634,5.721356666147178,Pathologically Myopic
0.6192614594463244,0.20089021037417076,0.8033756860312721,0.9194849073291897,0.40019033553692107,0.6454216226760829,4.223632169373356,Pathologically Myopic
0.47039590032874845,0.23136629867009734,0.7742697330404005,0.901606723525947,0.40426502728005453,0.5995122374273304,5.613659523584175,Pathologically Myopic
0.485443051663599,0.3175562796438093,0.598588290275655,0.8611662586606423,0.5170002644692789,0.3583261377523118,8.418784498254562,Pathologically Myopic
0.5034515548852926,0.3223495431365863,0.5718754829286455,0.8584904326058653,0.5190015848781697,0.32708522297238163,8.788085202329091,Pathologically Myopic
0.6271417561986903,0.29861524176173354,0.6031286386587865,0.8718150463644677,0.5098419142150784,0.36379361065490046,8.316154241266297,Pathologically Myopic
0.7326515233237851,0.22140934516244032,0.6423208898134959,0.9053104196052142,0.38156026702678403,0.4126008646188152,7.37348313157617,Pathologically Myopic
0.6078348617693554,0.3027272304544609,0.6423172843131085,0.8735015102842706,0.5513784855694711,0.4125923284533698,7.490016032730014,Pathologically Myopic
0.5909420499462943,0.3062104991397483,0.6399467325573241,0.8720974859918469,0.5582378547569595,0.4095561372355805,7.5416623320211755,Pathologically Myopic
0.5898498429536987,0.2818689113940728,0.709597789950967,0.8826986837567425,0.5182003059318618,0.5035462654098073,6.405582393862374,Pathologically Myopic
0.5659011348643639,0.26289723673197346,0.6056367648028573,0.8853781184124868,0.431164604516709,0.3668263460730698,8.133560730463325,Pathologically Myopic
0.6455696595851776,0.3061208895855292,0.6231902624897739,0.8703141347688945,0.5398666852021204,0.38839730659372174,7.718874935808966,Pathologically Myopic
0.5101249366108891,0.31958714698679397,0.575715522819847,0.8548119604051707,0.46564248597247193,0.3314766182776175,8.701211183144459,Pathologically Myopic
0.4934542758485442,0.23004116711358422,0.6899793581032021,0.8935929289827329,0.316176292508835,0.47609336033555394,6.776826336035819,Pathologically Myopic
0.4114319953475192,0.3167711061984624,0.5959461126187332,0.8566307558396367,0.46693419558714117,0.3551954505366542,8.328161362617326,Pathologically Myopic
0.5387243680870463,0.2985779448121396,0.6828462913802444,0.8742023417640585,0.533491086513423,0.46630199749973755,7.069371887576113,Pathologically Myopic
0.5734560061477736,0.20908451973153946,0.6600558070251721,0.9028547424282349,0.28305454267158536,0.4356938469158998,7.106685008486754,Pathologically Myopic
0.5951297458557316,0.24170094433938868,0.600759326278393,0.8923126627503255,0.3733322935395871,0.36093490981682674,8.089936640611139,Pathologically Myopic
0.7217005952161075,0.19042841601308202,0.7554555866891725,0.9227801897010044,0.3703723930885362,0.5707244778438088,5.040353444153902,Pathologically Myopic
0.5935399065250475,0.3279645504603509,0.661294028426571,0.8640939238909727,0.6087265416718334,0.4373258539340735,6.947122147128051,Pathologically Myopic
